CODIGO DANE,DEPARTAMENTO,MUNICIPIO,POBLACION TOTAL,HOMICIDIO TOTAL,TASA MUNICIPAL
11001,"Bogotá, D.C.","Bogotá, D.C.",7918660,1214,15.330876688732689
76001,Valle del Cauca,Cali,2280171,950,41.66354190102409
08001,Atlántico,Barranquilla,1279120,493,38.54212270936269
13001,Bolívar,Cartagena de Indias,1010408,381,37.707539924466154
05001,Antioquia,Medellín,2524747,309,12.238850070917998
54001,Norte de Santander,San José de Cúcuta,790984,291,36.78961900619987
08758,Atlántico,Soledad,710269,248,34.91634859468736
47001,Magdalena,Santa Marta,574486,198,34.465591850802284
25754,Cundinamarca,Soacha,842579,181,21.481665220709274
68081,Santander,Barrancabermeja,226559,162,71.50455289792063
76520,Valle del Cauca,Palmira,378446,151,39.90001215497059
66001,Risaralda,Pereira,486042,149,30.655786948453017
27001,Chocó,Quibdó,140076,143,102.08743824780832
68001,Santander,Bucaramanga,615463,131,21.284788850020227
19698,Cauca,Santander de Quilichao,126198,127,100.6355092790694
20001,Cesar,Valledupar,601259,123,20.457074239221367
50001,Meta,Villavicencio,579176,122,21.064408746218763
76364,Valle del Cauca,Jamundí,189878,119,62.671820853390074
44001,La Guajira,Riohacha,209292,113,53.991552472144186
76147,Valle del Cauca,Cartago,142792,107,74.93416998151157
47189,Magdalena,Ciénaga,136851,96,70.14928645022688
76834,Valle del Cauca,Tuluá,224250,92,41.02564102564102
76111,Valle del Cauca,Guadalajara de Buga,132138,85,64.32668876477622
41001,Huila,Neiva,396442,83,20.93622774579888
76109,Valle del Cauca,Buenaventura,328686,79,24.035097326932085
08433,Atlántico,Malambo,149019,77,51.6712633959428
73001,Tolima,Ibagué,552035,77,13.948390953472153
47980,Magdalena,Zona Bananera,79037,76,96.15749585637107
05154,Antioquia,Caucasia,93572,75,80.15218227674946
23001,Córdoba,Montería,563597,72,12.77508574389147
41551,Huila,Pitalito,140776,71,50.434733193157925
63001,Quindío,Armenia,305676,69,22.572920347034113
81794,Arauca,Tame,46068,65,141.0957714682643
19001,Cauca,Popayán,348444,60,17.219409718634846
52835,Nariño,San Andrés de Tumaco,272306,58,21.299567398441457
76130,Valle del Cauca,Candelaria,110619,57,51.528218479646355
70001,Sucre,Sincelejo,319888,57,17.818736557795226
66170,Risaralda,Dosquebradas,240061,55,22.91084349394529
19050,Cauca,Argelia,27464,55,200.26216137489075
76563,Valle del Cauca,Pradera,49776,53,106.47701703632272
54874,Norte de Santander,Villa del Rosario,123460,52,42.11890490847238
76275,Valle del Cauca,Florida,57543,52,90.36720365639609
05604,Antioquia,Remedios,32457,50,154.04997381150443
05088,Antioquia,Bello,593344,50,8.426814798835077
81065,Arauca,Arauquita,53319,47,88.14868996042686
68276,Santander,Floridablanca,312530,46,14.718587015646499
05736,Antioquia,Segovia,39116,45,115.04243787708354
76892,Valle del Cauca,Yumbo,114676,44,38.36896996756078
19532,Cauca,Patía,38915,44,113.06694076834125
19573,Cauca,Puerto Tejada,43471,44,101.21690322283821
76041,Valle del Cauca,Ansermanuevo,17894,43,240.3040125181625
86568,Putumayo,Puerto Asís,71540,43,60.10623427453174
19212,Cauca,Corinto,27157,42,154.65625805501344
47288,Magdalena,Fundación,75360,42,55.73248407643312
20011,Cesar,Aguachica,132237,42,31.76115610608226
25307,Cundinamarca,Girardot,103831,41,39.48724369407981
19300,Cauca,Guachené,20320,40,196.8503937007874
86320,Putumayo,Orito,38938,39,100.15922748985568
05101,Antioquia,Ciudad Bolívar,27391,39,142.38253440911248
52356,Nariño,Ipiales,121440,38,31.291172595520422
13688,Bolívar,Santa Rosa del Sur,33643,37,109.97830157833725
05120,Antioquia,Cáceres,29159,37,126.89049693062177
76895,Valle del Cauca,Zarzal,43760,37,84.55210237659963
76400,Valle del Cauca,La Unión,34777,36,103.51669206659574
05615,Antioquia,Rionegro,151872,35,23.045722713864308
05031,Antioquia,Amalfi,28716,35,121.88327065050842
05887,Antioquia,Yarumal,41862,35,83.60804548277675
19780,Cauca,Suárez,37158,34,91.50115722051778
05045,Antioquia,Apartadó,124423,33,26.52242752545751
76248,Valle del Cauca,El Cerrito,56819,33,58.07916366004329
52001,Nariño,Pasto,403166,32,7.937177242128553
19110,Cauca,Buenos Aires,33003,32,96.96088234402933
85001,Casanare,Yopal,192468,32,16.626140449321447
44430,La Guajira,Maicao,208965,32,15.313569258009716
05040,Antioquia,Anorí,20688,32,154.67904098994586
05756,Antioquia,Sonsón,36144,30,83.00132802124834
68307,Santander,Girón,175000,30,17.142857142857142
81001,Arauca,Arauca,90619,30,33.10564009755129
13430,Bolívar,Magangué,149065,29,19.454600342132625
54810,Norte de Santander,Tibú,67062,29,43.243565655661925
05642,Antioquia,Salgar,18915,29,153.31747290510177
05790,Antioquia,Tarazá,29027,29,99.90698315361558
05250,Antioquia,El Bagre,55742,29,52.02540274837644
54498,Norte de Santander,Ocaña,136427,28,20.523796609175605
73268,Tolima,Espinal,71777,27,37.61650668041295
86571,Putumayo,Puerto Guzmán,41134,27,65.63913064618077
17001,Caldas,Manizales,467681,27,5.773165897267582
68547,Santander,Piedecuesta,189863,26,13.694084682112893
13670,Bolívar,San Pablo,29026,26,89.57486391511058
13836,Bolívar,Turbaco,124939,26,20.810155355813638
05847,Antioquia,Urrao,31776,26,81.82275931520645
76823,Valle del Cauca,Toro,14973,26,173.6458959460362
13244,Bolívar,El Carmen de Bolívar,76463,26,34.00337418097642
44090,La Guajira,Dibulla,48596,25,51.44456333854639
88001,"Archipiélago de San Andrés, Providencia y Santa Catalina",San Andrés,56965,25,43.88659703326604
19845,Cauca,Villa Rica,23298,25,107.30534809854923
05837,Antioquia,Turbo,130019,25,19.227958990609064
19821,Cauca,Toribío,39282,25,63.6423807341785
23466,Córdoba,Montelíbano,87467,25,28.58220814707261
76100,Valle del Cauca,Bolívar,16071,25,155.55970381432394
25269,Cundinamarca,Facatativá,161874,24,14.826346417584046
05854,Antioquia,Valdivia,14927,24,160.7824747102566
19130,Cauca,Cajibío,45786,24,52.4177696239025
18001,Caquetá,Florencia,184170,23,12.48846174729869
19256,Cauca,El Tambo,57546,23,39.96802557953637
15572,Boyacá,Puerto Boyacá,47787,23,48.130244627199865
76736,Valle del Cauca,Sevilla,43923,23,52.364364911322085
41359,Huila,Isnos,26521,23,86.72372836620038
86865,Putumayo,Valle del Guamuez,34604,23,66.46630447347128
76318,Valle del Cauca,Guacarí,34561,23,66.54900031827783
76828,Valle del Cauca,Trujillo,19948,23,115.29977942650892
63470,Quindío,Montenegro,37530,22,58.61977084998667
19455,Cauca,Miranda,32570,22,67.54682222904513
54261,Norte de Santander,El Zulia,31482,22,69.88120195667365
41020,Huila,Algeciras,22769,22,96.6226009047389
19473,Cauca,Morales,44523,22,49.41266311793905
76622,Valle del Cauca,Roldanillo,38443,22,57.22758369534115
20013,Cesar,Agustín Codazzi,67850,22,32.42446573323508
52540,Nariño,Policarpa,9905,22,222.1100454316002
41396,Huila,La Plata,67536,21,31.094527363184078
91001,Amazonas,Leticia,53059,21,39.578582332874724
17380,Caldas,La Dorada,72044,21,29.14885347842985
08573,Atlántico,Puerto Colombia,62582,21,33.55597456137547
54003,Norte de Santander,Ábrego,35875,21,58.536585365853654
76233,Valle del Cauca,Dagua,57738,21,36.371194014340645
05212,Antioquia,Copacabana,89546,20,22.33488933062337
05209,Antioquia,Concordia,22182,20,90.16319538364439
13052,Bolívar,Arjona,73374,20,27.257611688063893
19142,Cauca,Caloto,31061,20,64.38942725604456
18753,Caquetá,San Vicente del Caguán,52473,20,38.11484001295905
73275,Tolima,Flandes,29056,20,68.83259911894274
25473,Cundinamarca,Mosquera,173675,20,11.515762199510581
66682,Risaralda,Santa Rosa de Cabal,83030,20,24.087679152113694
70708,Sucre,San Marcos,64076,20,31.212934640114863
05034,Antioquia,Andes,45212,20,44.236043528266826
20238,Cesar,El Copey,34776,19,54.63538072233724
41006,Huila,Acevedo,25976,19,73.14444102248228
81736,Arauca,Saravena,58996,19,32.205573259204016
52786,Nariño,Taminango,18398,19,103.27209479291228
63130,Quindío,Calarcá,74545,19,25.487960292440807
05579,Antioquia,Puerto Berrío,39164,19,48.51394137473189
05148,Antioquia,El Carmen de Viboral,68325,19,27.808269301134285
41298,Huila,Garzón,76079,18,23.659616977089605
05318,Antioquia,Guarne,64068,18,28.095148904289193
05893,Antioquia,Yondó,21677,18,83.0373206624533
18610,Caquetá,San José del Fragua,13229,18,136.06470632700885
47245,Magdalena,El Banco,75024,18,23.99232245681382
13744,Bolívar,Simití,18510,18,97.24473257698541
27361,Chocó,Istmina,35215,18,51.11458185432345
52079,Nariño,Barbacoas,63548,18,28.325045634795746
47053,Magdalena,Aracataca,44403,18,40.537801499898656
52612,Nariño,Ricaurte,22530,17,75.4549489569463
17174,Caldas,Chinchiná,51007,17,33.328758797812064
63594,Quindío,Quimbaya,31400,17,54.140127388535035
50313,Meta,Granada,73899,17,23.004370830457788
19450,Cauca,Mercaderes,25765,17,65.98098195226082
19137,Cauca,Caldono,43991,17,38.64426814575708
08638,Atlántico,Sabanalarga,103909,17,16.360469256753507
76020,Valle del Cauca,Alcalá,14381,17,118.21152910089702
19743,Cauca,Silvia,39887,17,42.6204026374508
20060,Cesar,Bosconia,47690,17,35.64688613965192
47570,Magdalena,Puebloviejo,34162,17,49.7628944441192
05440,Antioquia,Marinilla,73095,16,21.889322115055748
19548,Cauca,Piendamó - Tunía,42676,16,37.491798669041145
76122,Valle del Cauca,Caicedonia,30115,16,53.12966959986718
05129,Antioquia,Caldas,88316,16,18.116762534535077
47745,Magdalena,Sitionuevo,28889,16,55.3844023676832
05172,Antioquia,Chigorodó,56758,16,28.189858698333275
68575,Santander,Puerto Wilches,36099,16,44.32255741156265
41132,Huila,Campoalegre,31873,16,50.19922818686663
20178,Cesar,Chiriguaná,32424,16,49.34616333580064
47551,Magdalena,Pivijay,40406,16,39.59807949314459
25290,Cundinamarca,Fusagasugá,156943,16,10.194784093588119
95001,Guaviare,San José del Guaviare,54315,16,29.45779250667403
50568,Meta,Puerto Gaitán,53006,16,30.185262045806137
05079,Antioquia,Barbosa,62506,16,25.597542635906954
05091,Antioquia,Betania,10758,16,148.72652909462724
25899,Cundinamarca,Zipaquirá,163372,16,9.793599882476801
73283,Tolima,Fresno,31821,16,50.28126080261463
63401,Quindío,La Tebaida,33885,15,44.26737494466578
70215,Sucre,Corozal,76816,15,19.52718183711727
19075,Cauca,Balboa,22220,15,67.50675067506751
05360,Antioquia,Itagüí,302075,15,4.965654224944137
19517,Cauca,Páez,52403,15,28.62431540178997
76243,Valle del Cauca,El Águila,9210,15,162.86644951140065
23162,Córdoba,Cereté,119389,15,12.563971555168399
41770,Huila,Suaza,25611,15,58.56858381164344
76497,Valle del Cauca,Obando,12572,14,111.35857461024499
15759,Boyacá,Sogamoso,136725,14,10.239531907112818
23417,Córdoba,Lorica,120346,14,11.633124491050804
76036,Valle del Cauca,Andalucía,24590,14,56.933712891419276
47268,Magdalena,El Retén,21274,14,65.8080285794867
19100,Cauca,Bolívar,38005,14,36.8372582554927
05361,Antioquia,Ituango,29342,14,47.71317565264808
73443,Tolima,Mariquita,40114,14,34.90053347958319
05576,Antioquia,Pueblorrico,9040,14,154.86725663716814
17524,Caldas,Palestina,16059,13,80.95149137555265
50573,Meta,Puerto López,32222,13,40.34510582831606
66687,Risaralda,Santuario,13026,13,99.8003992015968
73624,Tolima,Rovira,22305,13,58.28289621161174
08296,Atlántico,Galapa,69030,13,18.832391713747647
68190,Santander,Cimitarra,33782,13,38.48203185128175
76890,Valle del Cauca,Yotoco,16743,13,77.64438869975511
05809,Antioquia,Titiribí,11449,13,113.54703467551751
05308,Antioquia,Girardota,60604,13,21.45072932479704
05647,Antioquia,San Andrés de Cuerquía,7406,13,175.53335133675398
76113,Valle del Cauca,Bugalagrande,25391,12,47.26084045527943
20621,Cesar,La Paz,32751,12,36.64010259228726
27787,Chocó,Tadó,19134,12,62.71558482282847
05895,Antioquia,Zaragoza,26532,12,45.22840343735866
05819,Antioquia,Toledo,4867,12,246.55845490034932
13873,Bolívar,Villanueva,28802,12,41.66377334907298
05686,Antioquia,Santa Rosa de Osos,39788,12,30.15984719010757
05266,Antioquia,Envigado,260430,12,4.607764082478977
52678,Nariño,Samaniego,29401,12,40.81493826740587
23660,Córdoba,Sahagún,118572,12,10.120433154539015
76606,Valle del Cauca,Restrepo,15926,12,75.34848675122441
44279,La Guajira,Fonseca,53775,12,22.315202231520225
68655,Santander,Sabana de Torres,37531,12,31.973568516692865
15238,Boyacá,Duitama,134425,12,8.926910916868142
05030,Antioquia,Amagá,32595,12,36.81546249424758
23678,Córdoba,San Carlos,28745,12,41.746390676639415
52399,Nariño,La Unión,34338,11,32.034480750189296
73168,Tolima,Chaparral,52842,11,20.81677453540744
13490,Bolívar,Norosí,12515,11,87.89452656811825
13473,Bolívar,Morales,25591,11,42.98386151381345
13442,Bolívar,María La Baja,48970,11,22.462732285072494
20614,Cesar,Río de Oro,19390,11,56.73027333677153
73319,Tolima,Guamo,33796,11,32.54823055982957
73675,Tolima,San Antonio,13284,11,82.80638361939175
86569,Putumayo,Puerto Caicedo,17329,11,63.47740781349183
23189,Córdoba,Ciénaga de Oro,62594,11,17.573569351695053
50006,Meta,Acacías,102025,11,10.78167115902965
20250,Cesar,El Paso,45704,11,24.067915280938212
76403,Valle del Cauca,La Victoria,12681,11,86.74394763819888
05093,Antioquia,Betulia,16861,11,65.23930964948698
86885,Putumayo,Villagarzón,25576,11,43.009071004066314
86573,Putumayo,Puerto Leguízamo,36170,11,30.411943599668234
05353,Antioquia,Hispania,5862,10,170.590242238144
54405,Norte de Santander,Los Patios,103208,10,9.689171382063407
25740,Cundinamarca,Sibaté,40013,10,24.99187763976708
05697,Antioquia,El Santuario,39396,10,25.383287643415578
20175,Cesar,Chimichagua,37732,10,26.502703275734124
25286,Cundinamarca,Funza,118457,10,8.441881864305191
20228,Cesar,Curumaní,44811,10,22.3159492088996
50325,Meta,Mapiripán,7280,10,137.36263736263737
70670,Sucre,Sampués,53083,10,18.83842284723923
08078,Atlántico,Baranoa,73740,10,13.561160835367508
05541,Antioquia,Peñol,23491,10,42.56949470009791
54245,Norte de Santander,El Carmen,14851,10,67.33553296074338
41349,Huila,Hobo,7995,10,125.07817385866166
05002,Antioquia,Abejorral,21121,10,47.34624307561195
17777,Caldas,Supía,31325,10,31.923383878691137
23580,Córdoba,Puerto Libertador,45697,10,21.88327461321312
66088,Risaralda,Belén de Umbría,25391,10,39.38403371273286
47030,Magdalena,Algarrobo,18615,10,53.72011818426001
13654,Bolívar,San Jacinto,27176,10,36.79717397703857
05138,Antioquia,Cañasgordas,15570,10,64.22607578676943
05380,Antioquia,La Estrella,81925,10,12.206286237412268
81591,Arauca,Puerto Rondón,4673,9,192.59576289321635
19533,Cauca,Piamonte,9705,9,92.73570324574962
05858,Antioquia,Vegachí,12126,9,74.22068283028203
44078,La Guajira,Barrancas,42798,9,21.029020047665778
70713,Sucre,San Onofre,52983,9,16.986580601324953
19807,Cauca,Timbío,38572,9,23.332987659442082
05664,Antioquia,San Pedro de Los Milagros,22297,9,40.3641745526304
05679,Antioquia,Santa Bárbara,29171,9,30.852559048369958
20032,Cesar,Astrea,22144,9,40.64306358381503
23672,Córdoba,San Antero,38802,9,23.19468068656255
50350,Meta,La Macarena,29571,9,30.435223698894184
44650,La Guajira,San Juan del Cesar,57850,9,15.557476231633533
20710,Cesar,San Alberto,31199,9,28.847078432001023
76670,Valle del Cauca,San Pedro,17270,9,52.11349160393746
20770,Cesar,San Martín,33351,9,26.98569758028245
05761,Antioquia,Sopetrán,16366,9,54.992056702920685
19397,Cauca,La Vega,24423,9,36.850509765385084
18150,Caquetá,Cartagena del Chairá,32224,9,27.929493545183718
73555,Tolima,Planadas,27075,9,33.2409972299169
41668,Huila,San Agustín,35620,9,25.266704098820885
18410,Caquetá,La Montañita,15382,9,58.50994669093746
41524,Huila,Palermo,26677,9,33.736926940810434
05234,Antioquia,Dabeiba,24651,9,36.50967506389193
05147,Antioquia,Carepa,50543,9,17.806620105652613
86757,Putumayo,San Miguel,19566,9,45.998160073597056
23807,Córdoba,Tierralta,100490,9,8.956115036322023
08520,Atlántico,Palmar de Varela,34647,9,25.97627500216469
25430,Cundinamarca,Madrid,139289,9,6.4613860390985645
13683,Bolívar,Santa Rosa,22371,9,40.23065575968888
76616,Valle del Cauca,Riofrío,16128,8,49.6031746031746
05134,Antioquia,Campamento,9940,8,80.48289738430583
17013,Caldas,Aguadas,22674,8,35.28270265502338
23300,Córdoba,Cotorra,21334,8,37.49882816161995
18592,Caquetá,Puerto Rico,27339,8,29.262226123852376
20400,Cesar,La Jagua de Ibirico,58996,8,13.560241372296428
23555,Córdoba,Planeta Rica,66459,8,12.037496802539913
95015,Guaviare,Calamar,9862,8,81.11944838775096
08634,Atlántico,Sabanagrande,38726,8,20.657955895264163
54553,Norte de Santander,Puerto Santander,9525,8,83.98950131233596
20517,Cesar,Pailitas,21068,8,37.97228023542814
05861,Antioquia,Venecia,12343,8,64.8140646520295
41319,Huila,Guadalupe,18490,8,43.26663061114115
70429,Sucre,Majagual,40125,8,19.937694704049846
05890,Antioquia,Yolombó,24828,8,32.22168519413565
86001,Putumayo,Mocoa,65766,8,12.164340236596416
52490,Nariño,Olaya Herrera,26822,7,26.097979270747892
85250,Casanare,Paz de Ariporo,38468,7,18.19694291359052
23350,Córdoba,La Apartada,16297,7,42.95269067926612
05490,Antioquia,Necoclí,42718,7,16.386534950138113
76845,Valle del Cauca,Ulloa,5636,7,124.2015613910575
68385,Santander,Landázuri,10619,7,65.91957811470006
23570,Córdoba,Pueblo Nuevo,37976,7,18.43269433326311
41483,Huila,Nátaga,7007,7,99.9000999000999
05197,Antioquia,Cocorná,16062,7,43.581123147802266
05376,Antioquia,La Ceja,72033,7,9.71776824510988
13673,Bolívar,Santa Catalina,15213,7,46.013278117399594
05649,Antioquia,San Carlos,16912,7,41.390728476821195
27413,Chocó,Lloró,10316,7,67.85575804575417
13006,Bolívar,Achí,27507,7,25.448067764569018
44035,La Guajira,Albania,35960,7,19.46607341490545
50590,Meta,Puerto Rico,13492,7,51.882597094574564
52233,Nariño,Cumbitara,5948,7,117.68661735036987
76250,Valle del Cauca,El Dovio,9256,7,75.62662057044079
27660,Chocó,San José del Palmar,5164,7,135.55383423702554
15001,Boyacá,Tunja,187765,7,3.728064335738823
20045,Cesar,Becerril,26931,7,25.992350822472247
27491,Chocó,Nóvita,9825,7,71.2468193384224
05042,Antioquia,Santafé de Antioquia,28130,7,24.884464984002843
70742,Sucre,San Luis de Sincé,32683,7,21.417862497322766
05656,Antioquia,San Jerónimo,17982,7,38.92781670559448
27580,Chocó,Río Iró,5747,7,121.80267965895248
05284,Antioquia,Frontino,21716,7,32.23429729231903
20550,Cesar,Pelaya,24204,7,28.920839530656092
27800,Chocó,Unguía,12703,7,55.10509328505078
52687,Nariño,San Lorenzo,18725,7,37.38317757009346
25175,Cundinamarca,Chía,169539,6,3.5390087236565035
41615,Huila,Rivera,28367,6,21.15133782211725
85440,Casanare,Villanueva,40889,6,14.673873168822912
41503,Huila,Oporapa,12309,6,48.74482086278333
41530,Huila,Palestina,11821,6,50.7571271466035
25320,Cundinamarca,Guaduas,30787,6,19.488745249618347
05055,Antioquia,Argelia,8170,6,73.43941248470011
17042,Caldas,Anserma,37428,6,16.03077909586406
52418,Nariño,Los Andes,9553,6,62.80749502773998
70678,Sucre,San Benito Abad,31892,6,18.81349554747272
52250,Nariño,El Charco,22396,6,26.79049830326844
54174,Norte de Santander,Chitagá,13208,6,45.42701393095094
73616,Tolima,Rioblanco,23853,6,25.154068670607472
73449,Tolima,Melgar,39096,6,15.34683855125844
17486,Caldas,Neira,21568,6,27.81899109792285
18256,Caquetá,El Paujíl,18838,6,31.85051491665782
08137,Atlántico,Campo de La Cruz,26781,6,22.40394309398454
18247,Caquetá,El Doncello,19817,6,30.277034869051825
52838,Nariño,Túquerres,47014,6,12.762155953545754
73067,Tolima,Ataco,20279,6,29.587257754327137
18094,Caquetá,Belén de Los Andaquíes,11371,6,52.76580775657374
70820,Sucre,Santiago de Tolú,37512,6,15.99488163787588
17873,Caldas,Villamaría,72649,6,8.258888628886838
52110,Nariño,Buesaco,25040,6,23.961661341853034
52696,Nariño,Santa Bárbara,14142,6,42.42681374628765
23182,Córdoba,Chinú,52071,6,11.522728582128249
68077,Santander,Barbosa,33724,6,17.791483809749735
05885,Antioquia,Yalí,7746,6,77.45933384972889
50711,Meta,Vistahermosa,18421,6,32.57152163291895
05400,Antioquia,La Unión,23718,6,25.297242600556537
50689,Meta,San Martín,28332,6,21.177467174925876
05667,Antioquia,San Rafael,17222,6,34.83915921495762
70221,Sucre,Coveñas,21748,6,27.588743792532647
20383,Cesar,La Gloria,19514,6,30.747155888080353
76869,Valle del Cauca,Vijes,13893,6,43.18721658389117
47555,Magdalena,Plato,72742,6,8.24832971323307
23168,Córdoba,Chimá,19407,6,30.91667954861648
54673,Norte de Santander,San Cayetano,8712,5,57.3921028466483
70265,Sucre,Guaranda,19509,5,25.629196780972887
27810,Chocó,Unión Panamericana,7202,5,69.42515967786726
99001,Vichada,Puerto Carreño,23959,5,20.86898451521349
27372,Chocó,Juradó,8260,5,60.53268765133172
70473,Sucre,Morroa,17030,5,29.35995302407516
27615,Chocó,Riosucio,30082,5,16.62123529020677
47170,Magdalena,Chibolo,25934,5,19.279710033161102
73408,Tolima,Lérida,18514,5,27.00658960786432
52693,Nariño,San Pablo,15407,5,32.452781203349126
73030,Tolima,Ambalema,6761,5,73.95355716609969
41357,Huila,Íquira,9715,5,51.4668039114771
52585,Nariño,Pupiales,17327,5,28.85669763952213
47058,Magdalena,Ariguaní,31525,5,15.860428231562253
76054,Valle del Cauca,Argelia,5543,5,90.20386072523904
52215,Nariño,Córdoba,16735,5,29.877502240812667
76126,Valle del Cauca,Calima,19194,5,26.049807231426488
41799,Huila,Tello,12495,5,40.016006402561025
41807,Huila,Timaná,23228,5,21.52574479076976
85125,Casanare,Hato Corozal,13104,5,38.156288156288156
66440,Risaralda,Marsella,17421,5,28.700993054359678
47707,Magdalena,Santa Ana,28187,5,17.73867385674247
47460,Magdalena,Nueva Granada,22650,5,22.075055187637968
81300,Arauca,Fortul,20073,5,24.909081851242963
27006,Chocó,Acandí,15963,5,31.322433126605276
99773,Vichada,Cumaribo,104385,5,4.78996024332998
19355,Cauca,Inzá,29139,5,17.15913380692543
19513,Cauca,Padilla,10541,5,47.433829807418654
13433,Bolívar,Mahates,31676,5,15.784821315822706
08421,Atlántico,Luruaco,32443,5,15.41164503899146
05792,Antioquia,Tarso,6530,5,76.5696784073507
05674,Antioquia,San Vicente,24534,5,20.379880981495067
05670,Antioquia,San Roque,24238,5,20.628764749566795
05607,Antioquia,Retiro,26766,5,18.68041545243966
20750,Cesar,San Diego,23324,5,21.437146287086264
05411,Antioquia,Liborina,10817,5,46.22353702505316
05425,Antioquia,Maceo,8808,5,56.76657584014533
05107,Antioquia,Briceño,8023,5,62.320827620590805
19418,Cauca,López de Micay,19491,5,25.65286542506798
19392,Cauca,La Sierra,11305,5,44.22821760283061
05044,Antioquia,Anzá,7628,5,65.54798112218144
13160,Bolívar,Cantagallo,8825,5,56.65722379603399
54172,Norte de Santander,Chinácota,20021,4,19.979022026871785
68689,Santander,San Vicente de Chucurí,35766,4,11.18380584913046
41801,Huila,Teruel,8237,4,48.561369430617944
52256,Nariño,El Rosario,12872,4,31.075201988812925
73349,Tolima,Honda,24953,4,16.030136656914998
19364,Cauca,Jambaló,19163,4,20.873558419871628
19318,Cauca,Guapi,29275,4,13.663535439795046
44874,La Guajira,Villanueva,32651,4,12.25077333006646
19290,Cauca,Florencia,5213,4,76.73124880107424
13647,Bolívar,San Estanislao,21053,4,18.99966750581865
52683,Nariño,Sandoná,20826,4,19.206760779794486
73043,Tolima,Anzoátegui,10590,4,37.771482530689326
50680,Meta,San Carlos de Guaroa,14424,4,27.731558513588467
70823,Sucre,Tolú Viejo,23190,4,17.248814144027598
70508,Sucre,Ovejas,24462,4,16.351892731583682
47703,Magdalena,San Zenón,13973,4,28.626637085808348
19824,Cauca,Totoró,27100,4,14.760147601476016
68406,Santander,Lebrija,50221,4,7.964795603432828
52411,Nariño,Linares,10242,4,39.05487209529389
17616,Caldas,Risaralda,11157,4,35.85193152281079
63272,Quindío,Filandia,12418,4,32.211306168465136
50226,Meta,Cumaral,24556,4,16.28929793125916
54800,Norte de Santander,Teorama,18309,4,21.847178983013816
20570,Cesar,Pueblo Bello,33724,4,11.860989206499822
13074,Bolívar,Barranco de Loba,17222,4,23.226106143305074
52405,Nariño,Leiva,9779,4,40.903977911851925
50318,Meta,Guamal,16202,4,24.68831008517467
54720,Norte de Santander,Sardinata,28494,4,14.038043096792306
54398,Norte de Santander,La Playa,8582,4,46.60918200885575
17442,Caldas,Marmato,9394,4,42.58037044922291
52390,Nariño,La Tola,7838,4,51.03342689461597
44560,La Guajira,Manaure,96422,4,4.148430856028708
25743,Cundinamarca,Silvania,22445,4,17.82134105591446
41306,Huila,Gigante,23760,4,16.835016835016837
85010,Casanare,Aguazul,39218,4,10.199398235504106
85139,Casanare,Maní,19474,4,20.540207456095306
85410,Casanare,Tauramena,25904,4,15.441630636195184
05690,Antioquia,Santo Domingo,13434,4,29.77519726068185
05313,Antioquia,Granada,10463,4,38.22995316830737
05237,Antioquia,Donmatías,19689,4,20.31591243841739
76246,Valle del Cauca,El Cairo,7034,4,56.86664771111742
05190,Antioquia,Cisneros,10040,4,39.8406374501992
05483,Antioquia,Nariño,10906,4,36.677058499908306
25875,Cundinamarca,Villeta,29130,4,13.731548232063165
05086,Antioquia,Belmira,6193,4,64.58905215565962
05495,Antioquia,Nechí,28955,4,13.814539803142807
08560,Atlántico,Ponedera,27097,4,14.76178174705687
05038,Antioquia,Angostura,12413,4,32.22428099573028
05036,Antioquia,Angelópolis,6149,4,65.05122784192552
08685,Atlántico,Santo Tomás,36050,4,11.095700416088766
41660,Huila,Saladoblanco,10768,4,37.14710252600297
95200,Guaviare,Miraflores,7049,4,56.74563767910342
05310,Antioquia,Gómez Plata,10301,4,38.831181438695275
54385,Norte de Santander,La Esperanza,12516,3,23.969319271332694
05480,Antioquia,Mutatá,13872,3,21.62629757785467
15757,Boyacá,Socha,8424,3,35.612535612535616
76863,Valle del Cauca,Versalles,7457,3,40.23065575968888
81220,Arauca,Cravo Norte,4135,3,72.55139056831923
05591,Antioquia,Puerto Triunfo,20006,3,14.995501349595122
17665,Caldas,San José,5002,3,59.97600959616153
05282,Antioquia,Fredonia,26245,3,11.430748714040769
54206,Norte de Santander,Convención,20973,3,14.304105278214847
17662,Caldas,Samaná,21128,3,14.199166982203712
66400,Risaralda,La Virginia,28384,3,10.56933483652762
85430,Casanare,Trinidad,14036,3,21.373610715303506
52435,Nariño,Mallama,8934,3,33.5795836131632
05113,Antioquia,Buriticá,10848,3,27.654867256637168
19022,Cauca,Almaguer,18432,3,16.276041666666664
05051,Antioquia,Arboletes,31449,3,9.539254030334828
52378,Nariño,La Cruz,19560,3,15.337423312883436
95025,Guaviare,El Retorno,13324,3,22.515761032722907
52260,Nariño,El Tambo,14548,3,20.621391256530107
66045,Risaralda,Apía,12754,3,23.52203230359103
73873,Tolima,Villarrica,5280,3,56.81818181818181
15516,Boyacá,Paipa,37880,3,7.919746568109821
13458,Bolívar,Montecristo,16510,3,18.170805572380377
73200,Tolima,Coello,8536,3,35.14526710402999
73217,Tolima,Coyaima,23625,3,12.698412698412698
73236,Tolima,Dolores,8594,3,34.908075401442865
08372,Atlántico,Juan de Acosta,23939,3,12.531851789966163
13580,Bolívar,Regidor,7810,3,38.41229193341869
13468,Bolívar,Mompós,48552,3,6.178942165101334
08558,Atlántico,Polonuevo,21012,3,14.277555682467161
15442,Boyacá,Maripí,5887,3,50.959741803974865
73411,Tolima,Líbano,37508,3,7.998293697344567
73483,Tolima,Natagaima,15717,3,19.08761213972132
73504,Tolima,Ortega,36303,3,8.263779852904719
13188,Bolívar,Cicuco,15697,3,19.11193221634707
08606,Atlántico,Repelón,29894,3,10.035458620458954
73671,Tolima,Saldaña,14768,3,20.31419284940412
13600,Bolívar,Río Viejo,12277,3,24.43593711818848
73148,Tolima,Carmen de Apicalá,10895,3,27.535566773749427
73124,Tolima,Cajamarca,19013,3,15.778677746804817
76306,Valle del Cauca,Ginebra,24240,3,12.376237623762377
13657,Bolívar,San Juan Nepomuceno,42048,3,7.134703196347032
05665,Antioquia,San Pedro de Urabá,32352,3,9.27299703264095
13780,Bolívar,Talaigua Nuevo,14965,3,20.046775810223856
70717,Sucre,San Pedro,20760,3,14.450867052023122
70702,Sucre,San Juan de Betulia,14694,3,20.41649652919559
15047,Boyacá,Aquitania,15405,3,19.474196689386563
05658,Antioquia,San José de La Montaña,3963,3,75.7002271006813
70400,Sucre,La Unión,13950,3,21.50537634408602
15176,Boyacá,Chiquinquirá,58135,3,5.160402511395889
68861,Santander,Vélez,26750,3,11.214953271028037
68745,Santander,Simacota,11483,3,26.125576939824086
68615,Santander,Rionegro,27251,3,11.008770320355216
05628,Antioquia,Sabanalarga,9827,3,30.52813676605271
27050,Chocó,Atrato,6409,3,46.809174598221254
63690,Quindío,Salento,10264,3,29.228371005455966
41797,Huila,Tesalia,12047,3,24.902465344069064
52022,Nariño,Aldana,7748,3,38.71966959215281
23079,Córdoba,Buenavista,22295,3,13.45593182327876
25662,Cundinamarca,San Juan de Rioseco,8423,3,35.61676362341208
50330,Meta,Mesetas,11781,3,25.464731347084285
25572,Cundinamarca,Puerto Salgar,15771,3,19.022256039566294
50577,Meta,Puerto Lleras,10704,3,28.026905829596412
19785,Cauca,Sucre,9756,3,30.75030750307503
50606,Meta,Restrepo,21173,3,14.168988806498843
25214,Cundinamarca,Cota,46260,3,6.485084306095979
25245,Cundinamarca,El Colegio,26618,3,11.270568788038169
25260,Cundinamarca,El Rosal,26497,3,11.322036456957392
19622,Cauca,Rosas,12028,3,24.94180246092451
19809,Cauca,Timbiquí,29010,3,10.341261633919338
25817,Cundinamarca,Tocancipá,48367,3,6.202576136622077
27077,Chocó,Bajo Baudó,34197,3,8.772699359592947
27075,Chocó,Bahía Solano,10756,3,27.891409445890663
52227,Nariño,Cumbal,40406,3,7.424639904964609
52224,Nariño,Cuaspud Carlosama,9889,3,30.336737789463037
27745,Chocó,Sipí,3325,2,60.150375939849624
25793,Cundinamarca,Tausa,8560,2,23.364485981308412
70110,Sucre,Buenavista,11927,2,16.768676113020877
13140,Bolívar,Calamar,24810,2,8.061265618702137
23464,Córdoba,Momil,22186,2,9.014693951140359
05631,Antioquia,Sabaneta,103765,2,1.9274321784802195
68820,Santander,Tona,8362,2,23.91772303276728
68755,Santander,Socorro,36336,2,5.504183179216204
05585,Antioquia,Puerto Nare,15465,2,12.932428063368897
68679,Santander,San Gil,67893,2,2.9458117920846036
15204,Boyacá,Cómbita,13473,2,14.844503822459735
05543,Antioquia,Peque,8733,2,22.901637467078896
15223,Boyacá,Cubará,12974,2,15.415446277169725
41013,Huila,Agrado,9282,2,21.54708037060978
23090,Córdoba,Canalete,16420,2,12.18026796589525
15425,Boyacá,Macanal,5314,2,37.63643206624012
66456,Risaralda,Mistrató,18387,2,10.877250231141566
66572,Risaralda,Pueblo Rico,18266,2,10.949304719150334
23500,Córdoba,Moñitos,32846,2,6.089021494245874
05368,Antioquia,Jericó,14317,2,13.969406998672905
05364,Antioquia,Jardín,15350,2,13.02931596091205
68211,Santander,Contratación,4144,2,48.262548262548265
05347,Antioquia,Heliconia,5126,2,39.01677721420211
05321,Antioquia,Guatapé,9518,2,21.01281781886951
68162,Santander,Cerrito,7482,2,26.73082063619353
25785,Cundinamarca,Tabio,22884,2,8.739730816290859
68101,Santander,Bolívar,11558,2,17.304031839418585
66594,Risaralda,Quinchía,28224,2,7.086167800453515
05315,Antioquia,Guadalupe,6975,2,28.67383512544803
68250,Santander,El Peñón,5351,2,37.376191366099796
25281,Cundinamarca,Fosca,5631,2,35.51767004084532
15109,Boyacá,Buenavista,4509,2,44.35573297848747
05873,Antioquia,Vigía del Fuerte,11150,2,17.937219730941703
08832,Atlántico,Tubará,20017,2,9.991507218863966
73347,Tolima,Herveo,7598,2,26.322716504343248
13440,Bolívar,Margarita,11721,2,17.063390495691493
73520,Tolima,Palocabildo,10120,2,19.76284584980237
73270,Tolima,Falan,7948,2,25.163563160543532
25386,Cundinamarca,La Mesa,36901,2,5.419907319584835
41676,Huila,Santa María,10740,2,18.6219739292365
25486,Cundinamarca,Nemocón,14659,2,13.643495463537759
25148,Cundinamarca,Caparrapí,11509,2,17.377704405248068
73152,Tolima,Casabianca,6590,2,30.349013657056144
25530,Cundinamarca,Paratebueno,8841,2,22.621875353466802
73055,Tolima,Armero,12831,2,15.587249629802821
23855,Córdoba,Valencia,36721,2,5.446474769205632
08141,Atlántico,Candelaria,19104,2,10.469011725293132
73854,Tolima,Valle de San Juan,5503,2,36.34381246592768
13042,Bolívar,Arenal,8533,2,23.438415563107935
23686,Córdoba,San Pelayo,57804,2,3.4599681682928516
23682,Córdoba,San José de Uré,15244,2,13.119916032537391
73686,Tolima,Santa Isabel,5933,2,33.70975897522333
13667,Bolívar,San Martín de Loba,15853,2,12.615908660821296
70771,Sucre,Sucre,33442,2,5.980503558399617
23675,Córdoba,San Bernardo del Viento,40897,2,4.890334254346285
13810,Bolívar,Tiquisio,18535,2,10.790396547073104
25815,Cundinamarca,Tocaima,16059,2,12.45407559623887
13838,Bolívar,Turbaná,17726,2,11.282861333634209
73678,Tolima,San Luis,13979,2,14.307175048286716
13894,Bolívar,Zambrano,13291,2,15.047776690993905
47318,Magdalena,Guamal,28668,2,6.976419701409237
23586,Córdoba,Purísima de La Concepción,19091,2,10.476140589806715
25599,Cundinamarca,Apulo,8624,2,23.19109461966605
25612,Cundinamarca,Ricaurte,15191,2,13.165690211309329
15507,Boyacá,Otanche,8190,2,24.42002442002442
66383,Risaralda,La Celia,7749,2,25.80978190734288
17653,Caldas,Salamina,19511,2,10.25062785095587
54480,Norte de Santander,Mutiscua,4636,2,43.14063848144953
17433,Caldas,Manzanares,18375,2,10.884353741496598
05264,Antioquia,Entrerríos,12568,2,15.913430935709737
50370,Meta,Uribe,9695,2,20.629190304280556
54250,Norte de Santander,El Tarra,26769,2,7.47132877582278
17444,Caldas,Marquetalia,13619,2,14.685366032748364
05125,Antioquia,Caicedo,9036,2,22.13368747233289
50450,Meta,Puerto Concordia,8692,2,23.00966405890474
17446,Caldas,Marulanda,2685,2,74.487895716946
54109,Norte de Santander,Bucarasica,7559,2,26.458526260087314
17495,Caldas,Norcasia,6171,2,32.40965807810728
17614,Caldas,Riosucio,52440,2,3.8138825324180017
52885,Nariño,Yacuanquer,11573,2,17.281603732826408
17877,Caldas,Viterbo,12728,2,15.713387806411063
20443,Cesar,Manaure Balcón del Cesar,11548,2,17.319016279875303
50683,Meta,San Juan de Arama,9444,2,21.177467174925876
27205,Chocó,Condoto,12664,2,15.792798483891344
91407,Amazonas,La Pedrera (ANM),4073,2,49.10385465259023
94001,Guainía,Inírida,38710,2,5.1666236114699045
52560,Nariño,Potosí,10402,2,19.227071716977505
18785,Caquetá,Solita,6398,2,31.259768677711783
19760,Cauca,Sotará Paispamba,14596,2,13.702384214853385
52427,Nariño,Magüí,27970,2,7.150518412584913
18860,Caquetá,Valparaíso,7156,2,27.94857462269424
52036,Nariño,Ancuya,8823,2,22.66802674827156
52083,Nariño,Belén,6288,2,31.806615776081426
52385,Nariño,La Llanada,6565,2,30.46458492003046
52207,Nariño,Consacá,15175,2,13.179571663920921
54518,Norte de Santander,Pamplona,52427,2,3.814828237358613
05142,Antioquia,Caracolí,4538,2,44.072278536800354
50150,Meta,Castilla la Nueva,17240,2,11.600928074245939
54820,Norte de Santander,Toledo,17424,2,11.47842056932966
54871,Norte de Santander,Villa Caro,5381,2,37.16781267422412
25878,Cundinamarca,Viotá,13500,2,14.814814814814815
63548,Quindío,Pijao,5361,2,37.30647267300877
15790,Boyacá,Tasco,6012,2,33.266799733865604
20787,Cesar,Tamalameque,16871,2,11.854661845770849
85263,Casanare,Pore,13407,2,14.917580368464236
85162,Casanare,Monterrey,18836,2,10.617965597791464
15776,Boyacá,Sutamarchán,6304,2,31.725888324873093
85400,Casanare,Támara,7293,2,27.42355683532154
63302,Quindío,Génova,7723,2,25.896672277612325
50251,Meta,El Castillo,8473,2,23.60439041661749
27600,Chocó,Río Quito,8434,2,23.713540431586438
15814,Boyacá,Toca,8960,2,22.32142857142857
85279,Casanare,Recetor,1728,1,57.87037037037037
05240,Antioquia,Ebéjico,12627,1,7.919537499010058
91798,Amazonas,Tarapacá (ANM),4018,1,24.888003982080637
25489,Cundinamarca,Nimaima,3674,1,27.218290691344585
27160,Chocó,Cértegui,5986,1,16.70564650851988
27245,Chocó,El Carmen de Atrato,8622,1,11.59823706796567
25491,Cundinamarca,Nocaima,5654,1,17.686593562079942
27495,Chocó,Nuquí,18555,1,5.3893829156561575
08770,Atlántico,Suan,14150,1,7.06713780918728
25506,Cundinamarca,Venecia,4505,1,22.197558268590456
85230,Casanare,Orocué,14229,1,7.027900766041184
08849,Atlántico,Usiacurí,15033,1,6.652032195835829
13030,Bolívar,Altos del Rosario,11401,1,8.771160424524163
13062,Bolívar,Arroyohondo,8531,1,11.72195522213105
25438,Cundinamarca,Medina,8472,1,11.803588290840416
73870,Tolima,Villahermosa,9556,1,10.464629552113855
05306,Antioquia,Giraldo,6331,1,15.795293002685199
27150,Chocó,Carmen del Darién,21234,1,4.709428275407365
97001,Vaupés,Mitú,31810,1,3.1436655139893115
05021,Antioquia,Alejandría,5196,1,19.245573518090836
99524,Vichada,La Primavera,10603,1,9.431293030274452
41791,Huila,Tarqui,18649,1,5.362217813287575
25845,Cundinamarca,Une,6730,1,14.858841010401187
27250,Chocó,El Litoral del San Juan,26236,1,3.8115566397316667
25653,Cundinamarca,San Cayetano,4839,1,20.665426741062205
25843,Cundinamarca,Villa de San Diego de Ubaté,47305,1,2.1139414438220063
41078,Huila,Baraya,8221,1,12.16397031991242
25718,Cundinamarca,Sasaima,11389,1,8.780402142418122
05206,Antioquia,Concepción,5108,1,19.57713390759593
27425,Chocó,Medio Atrato,11179,1,8.94534394847482
25839,Cundinamarca,Ubalá,7889,1,12.675877804537965
05659,Antioquia,San Juan de Urabá,20025,1,4.9937578027465666
05660,Antioquia,San Luis,14242,1,7.021485746383935
05150,Antioquia,Carolina,3947,1,25.33569799847986
76377,Valle del Cauca,La Cumbre,18290,1,5.467468562055768
25658,Cundinamarca,San Francisco,12563,1,7.959882193743533
05145,Antioquia,Caramanta,4556,1,21.949078138718175
25758,Cundinamarca,Sopó,32937,1,3.0360992197225007
85315,Casanare,Sácama,2125,1,47.05882352941177
41378,Huila,La Argentina,13876,1,7.206687806284232
41016,Huila,Aipe,17200,1,5.813953488372094
25592,Cundinamarca,Quebradanegra,4922,1,20.316944331572532
05475,Antioquia,Murindó,5769,1,17.33402669440111
05467,Antioquia,Montebello,6595,1,15.163002274450342
25769,Cundinamarca,Subachoque,17703,1,5.648760097158673
25772,Cundinamarca,Suesca,19171,1,5.2162119868551455
05842,Antioquia,Uramita,7406,1,13.502565487442613
25781,Cundinamarca,Sutatausa,6727,1,14.86546751895347
86749,Putumayo,Sibundoy,16037,1,6.235580220739539
41026,Huila,Altamira,4710,1,21.231422505307858
25862,Cundinamarca,Vergara,6708,1,14.90757304710793
52240,Nariño,Chachagüí,16366,1,6.110228522546743
70523,Sucre,Palmito,16081,1,6.218518748834027
73622,Tolima,Roncesvalles,5609,1,17.828489926903192
15897,Boyacá,Zetaquira,4740,1,21.09704641350211
15837,Boyacá,Tuta,8251,1,12.119743061447098
15835,Boyacá,Turmequé,5756,1,17.373175816539263
63190,Quindío,Circasia,29013,1,3.446730775859098
63212,Quindío,Córdoba,5866,1,17.047391749062392
50110,Meta,Barranca de Upía,7750,1,12.903225806451614
15755,Boyacá,Socotá,7460,1,13.404825737265417
15681,Boyacá,San Pablo de Borbur,6772,1,14.766686355581808
15673,Boyacá,San Mateo,3397,1,29.437739181630853
66075,Risaralda,Balboa,6647,1,15.044380923724988
15667,Boyacá,San Luis de Gaceno,5304,1,18.85369532428356
15646,Boyacá,Samacá,19327,1,5.17410875976613
23068,Córdoba,Ayapel,49883,1,2.0046909768859127
15638,Boyacá,Sáchica,6250,1,16.0
15600,Boyacá,Ráquira,8043,1,12.433171702101205
15580,Boyacá,Quípama,5005,1,19.98001998001998
15533,Boyacá,Paya,2735,1,36.56307129798903
47798,Magdalena,Tenerife,14340,1,6.97350069735007
68152,Santander,Carcasí,4852,1,20.610057708161584
68167,Santander,Charalá,13688,1,7.305669199298655
54670,Norte de Santander,San Calixto,13579,1,7.364312541424257
17088,Caldas,Belalcázar,10467,1,9.553835865099838
68229,Santander,Curití,14441,1,6.924728204417977
20295,Cesar,Gamarra,16058,1,6.227425582264291
52258,Nariño,El Tablón de Gómez,14671,1,6.816167950378297
52320,Nariño,Guaitarilla,11604,1,8.617718028266115
52352,Nariño,Iles,7678,1,13.024225058609012
52354,Nariño,Imués,7836,1,12.761613067891782
52203,Nariño,Colón,8501,1,11.763321962122104
52381,Nariño,La Florida,10098,1,9.902951079421667
18756,Caquetá,Solano,10830,1,9.233610341643582
52565,Nariño,Providencia,5555,1,18.001800180018
52573,Nariño,Puerres,8534,1,11.717834544176236
18460,Caquetá,Milán,10177,1,9.826078412105728
18205,Caquetá,Curillo,7783,1,12.848515996402416
52621,Nariño,Roberto Payán,12427,1,8.04699444757383
18029,Caquetá,Albania,4833,1,20.69108214359611
17867,Caldas,Victoria,10927,1,9.151642719868216
52694,Nariño,San Pedro de Cartago,6842,1,14.615609470914936
52788,Nariño,Tangua,14521,1,6.886578059362303
54239,Norte de Santander,Durania,5044,1,19.825535289452816
54344,Norte de Santander,Hacarí,10775,1,9.280742459396752
54377,Norte de Santander,Labateca,6999,1,14.287755393627661
15476,Boyacá,Motavita,5281,1,18.935807612194658
68235,Santander,El Carmen de Chucurí,24214,1,4.129842240026432
25394,Cundinamarca,La Palma,9706,1,10.302905419328251
15051,Boyacá,Arcabuco,6370,1,15.698587127158556
23670,Córdoba,San Andrés Sotavento,52225,1,1.9147917663954046
47258,Magdalena,El Piñón,26170,1,3.8211692777990063
73024,Tolima,Alpujarra,4807,1,20.802995631370916
13650,Bolívar,San Fernando,12766,1,7.833307222309259
47161,Magdalena,Cerro de San Antonio,11374,1,8.791981712678037
25001,Cundinamarca,Agua de Dios,11820,1,8.460236886632826
25040,Cundinamarca,Anolaima,14581,1,6.858240175570948
25126,Cundinamarca,Cajicá,118870,1,0.8412551526878103
44847,La Guajira,Uribia,200665,1,0.4983430094934343
73226,Tolima,Cunday,9022,1,11.084016847705607
44110,La Guajira,El Molino,7527,1,13.28550551348479
44098,La Guajira,Distracción,14277,1,7.004272606289836
73352,Tolima,Icononzo,12415,1,8.054772452678211
25295,Cundinamarca,Gachancipá,20800,1,4.8076923076923075
13268,Bolívar,El Peñón,8018,1,12.47193813918683
13222,Bolívar,Clemencia,15919,1,6.281801620704818
25317,Cundinamarca,Guachetá,14716,1,6.79532481652623
25328,Cundinamarca,Guayabal de Síquima,5062,1,19.755037534571315
73585,Tolima,Purificación,24074,1,4.153858934950569
52254,Nariño,El Peñol,7831,1,12.769761205465457
15097,Boyacá,Boavita,5145,1,19.436345966958214
68264,Santander,Encino,2898,1,34.50655624568668
70418,Sucre,Los Palmitos,25570,1,3.9108330074305826
68296,Santander,Galán,3063,1,32.6477309826967
15299,Boyacá,Garagoa,19295,1,5.182689816014512
68397,Santander,La Paz,5075,1,19.704433497536947
68418,Santander,Los Santos,16737,1,5.97478640138615
68498,Santander,Ocamonte,6494,1,15.398829688943641
68500,Santander,Oiba,11595,1,8.624407072013799
15244,Boyacá,El Cocuy,4305,1,23.228803716608596
47660,Magdalena,Sabanas de San Ángel,16704,1,5.986590038314176
47605,Magdalena,Remolino,13533,1,7.389344565137073
23419,Córdoba,Los Córdobas,19217,1,5.203725867721289
68770,Santander,Suaita,10286,1,9.721952167995333
68773,Santander,Sucre,7377,1,13.555645926528397
68855,Santander,Valle de San José,7004,1,14.277555682467161
15185,Boyacá,Chitaraque,5961,1,16.775708773695687
70124,Sucre,Caimito,17498,1,5.7149388501543035
15183,Boyacá,Chita,8239,1,12.137395314965408
70233,Sucre,El Roble,10586,1,9.446438692612885
70235,Sucre,Galeras,25175,1,3.972194637537239
47541,Magdalena,Pedraza,10248,1,9.758001561280249
27073,Chocó,Bagadó,12471,1,8.018603159329643
